{
    "loss": 1.2036322355270386,
    "accuracy": 0.7844827771186829
}